{
    "name": "PL_Auditing_PG",
    "objectId": "a97a0c81-fcd7-407d-b446-31f521eec0fa",
    "properties": {
        "activities": [
            {
                "name": "PL_Auditing",
                "description": "Auditing component is used to audit the records ingested into data lake. Auditing includes identifying any errors or issues that may have occurred during the process, as well as reviewing performance metrics to identify areas for improvement.",
                "type": "SqlServerStoredProcedure",
                "dependsOn": [],
                "policy": {
                    "timeout": "0.12:00:00",
                    "retry": 0,
                    "retryIntervalInSeconds": 30,
                    "secureOutput": false,
                    "secureInput": false
                },
                "typeProperties": {
                    "storedProcedureName": "[mtd].[capture_audit_event_sp]",
                    "storedProcedureParameters": {
                        "copy_duration": {
                            "value": {
                                "value": "@pipeline().parameters.par_copy_duration",
                                "type": "Expression"
                            },
                            "type": "Int32"
                        },
                        "data_consistency_verification": {
                            "value": {
                                "value": "@pipeline().parameters.par_data_consistency_verification",
                                "type": "Expression"
                            },
                            "type": "String"
                        },
                        "data_read": {
                            "value": {
                                "value": "@pipeline().parameters.par_data_read",
                                "type": "Expression"
                            },
                            "type": "Int64"
                        },
                        "data_written": {
                            "value": {
                                "value": "@pipeline().parameters.par_data_written",
                                "type": "Expression"
                            },
                            "type": "Int64"
                        },
                        "error_details": {
                            "value": {
                                "value": "@pipeline().parameters.par_error_details",
                                "type": "Expression"
                            },
                            "type": "String"
                        },
                        "event_activity_run_id": {
                            "value": {
                                "value": "@pipeline().parameters.par_event_activity_run_id",
                                "type": "Expression"
                            },
                            "type": "String"
                        },
                        "event_end_time": {
                            "value": {
                                "value": "@pipeline().parameters.par_event_end_time",
                                "type": "Expression"
                            },
                            "type": "DateTime"
                        },
                        "event_run_id": {
                            "value": {
                                "value": "@pipeline().parameters.par_event_run_id",
                                "type": "Expression"
                            },
                            "type": "String"
                        },
                        "event_start_time": {
                            "value": {
                                "value": "@pipeline().parameters.par_event_start_time",
                                "type": "Expression"
                            },
                            "type": "DateTime"
                        },
                        "event_triggered_by": {
                            "value": {
                                "value": "@pipeline().parameters.par_event_triggered_by",
                                "type": "Expression"
                            },
                            "type": "String"
                        },
                        "files_read": {
                            "value": {
                                "value": "@pipeline().parameters.par_files_read",
                                "type": "Expression"
                            },
                            "type": "Int32"
                        },
                        "files_written": {
                            "value": {
                                "value": "@pipeline().parameters.par_files_written",
                                "type": "Expression"
                            },
                            "type": "Int32"
                        },
                        "item_name": {
                            "value": {
                                "value": "@pipeline().parameters.par_item_name",
                                "type": "Expression"
                            },
                            "type": "String"
                        },
                        "load_type": {
                            "value": {
                                "value": "@pipeline().parameters.par_load_type",
                                "type": "Expression"
                            },
                            "type": "String"
                        },
                        "pipeline_url": {
                            "value": {
                                "value": "@pipeline().parameters.par_pipeline_url",
                                "type": "Expression"
                            },
                            "type": "String"
                        },
                        "rows_read": {
                            "value": {
                                "value": "@pipeline().parameters.par_rows_read",
                                "type": "Expression"
                            },
                            "type": "Int64"
                        },
                        "rows_written": {
                            "value": {
                                "value": "@pipeline().parameters.par_rows_written",
                                "type": "Expression"
                            },
                            "type": "Int64"
                        },
                        "source_cutoff_time": {
                            "value": {
                                "value": "@pipeline().parameters.par_source_cutoff_time",
                                "type": "Expression"
                            },
                            "type": "DateTime"
                        },
                        "source_type": {
                            "value": {
                                "value": "@pipeline().parameters.par_source_type",
                                "type": "Expression"
                            },
                            "type": "String"
                        },
                        "status": {
                            "value": {
                                "value": "@pipeline().parameters.par_status",
                                "type": "Expression"
                            },
                            "type": "String"
                        }
                    }
                },
                "linkedService": {
                    "name": "contosowh",
                    "objectId": "48c68647-d2fd-4fdc-9b60-e3d957b13717",
                    "properties": {
                        "annotations": [],
                        "type": "DataWarehouse",
                        "typeProperties": {
                            "endpoint": "zdcinfe5wdxeljh5nc2izvmpxm-c66tknx426qeplk7zwjg76abfy.datawarehouse.fabric.microsoft.com",
                            "artifactId": "48c68647-d2fd-4fdc-9b60-e3d957b13717"
                        },
                        "tridentArtifactType": "DataWarehouse"
                    }
                }
            }
        ],
        "parameters": {
            "par_data_consistency_verification": {
                "type": "string"
            },
            "par_data_read": {
                "type": "string"
            },
            "par_data_written": {
                "type": "string"
            },
            "par_files_read": {
                "type": "int"
            },
            "par_files_written": {
                "type": "int"
            },
            "par_item_name": {
                "type": "string"
            },
            "par_event_run_id": {
                "type": "string"
            },
            "par_copy_duration": {
                "type": "int"
            },
            "par_rows_read": {
                "type": "int"
            },
            "par_source_type": {
                "type": "string"
            },
            "par_status": {
                "type": "string"
            },
            "par_rows_written": {
                "type": "int"
            },
            "par_event_start_time": {
                "type": "string"
            },
            "par_event_end_time": {
                "type": "string"
            },
            "par_source_cutoff_time": {
                "type": "string"
            },
            "par_load_type": {
                "type": "string"
            },
            "par_event_triggered_by": {
                "type": "string"
            },
            "par_event_activity_run_id": {
                "type": "string"
            },
            "par_error_details": {
                "type": "string"
            },
            "par_pipeline_url": {
                "type": "string"
            }
        },
        "lastModifiedByObjectId": "24ad6014-05cb-42ce-92f3-e4ba5271e2df",
        "lastPublishTime": "2024-03-07T13:31:23Z"
    }
}