{
    "name": "PL_DynamicIngestionPipelineIncrmLoad_PG",
    "objectId": "8d76bab3-9b5f-4053-a776-51c09a10334a",
    "properties": {
        "activities": [
            {
                "name": "ACT_GEN_LKP_fetchControlTableForIncrload",
                "description": "Control table is used to control and select an item from the source system to be moved into a data lake during incremental load. It uses  GETDATE() as currentdatetime to store the value of last successful ingestion.",
                "type": "Lookup",
                "dependsOn": [],
                "policy": {
                    "timeout": "0.12:00:00",
                    "retry": 0,
                    "retryIntervalInSeconds": 30,
                    "secureOutput": false,
                    "secureInput": false
                },
                "typeProperties": {
                    "source": {
                        "type": "DataWarehouseSource",
                        "sqlReaderQuery": "select *, GETDATE() as currentdatetime from mtd.control_table where enable_flag = 1 and load_type='Incr';",
                        "queryTimeout": "02:00:00",
                        "partitionOption": "None"
                    },
                    "firstRowOnly": false,
                    "datasetSettings": {
                        "annotations": [],
                        "linkedService": {
                            "name": "contosowh",
                            "properties": {
                                "annotations": [],
                                "type": "DataWarehouse",
                                "typeProperties": {
                                    "endpoint": "zdcinfe5wdxeljh5nc2izvmpxm-c66tknx426qeplk7zwjg76abfy.datawarehouse.fabric.microsoft.com",
                                    "artifactId": "48c68647-d2fd-4fdc-9b60-e3d957b13717"
                                }
                            }
                        },
                        "type": "DataWarehouseTable",
                        "schema": [],
                        "typeProperties": {
                            "schema": "mtd",
                            "table": "control_table"
                        }
                    }
                }
            },
            {
                "name": "ACT_ITRC_FOR_eachItemInControlTable",
                "description": "This activity will iterate over all the objects fetched from the control table during incremental load. Please note that the sequential checkbox is on to ensure that the variables used are set appropriately.",
                "type": "ForEach",
                "dependsOn": [
                    {
                        "activity": "ACT_GEN_LKP_fetchControlTableForIncrload",
                        "dependencyConditions": [
                            "Succeeded"
                        ]
                    }
                ],
                "typeProperties": {
                    "items": {
                        "value": "@activity('ACT_GEN_LKP_fetchControlTableForIncrload').output.value",
                        "type": "Expression"
                    },
                    "activities": [
                        {
                            "name": "ACT_MT_Copy_IngestDbdataForIncrLoad",
                            "description": "This activity is used to copy incremental DB data.",
                            "type": "Copy",
                            "dependsOn": [
                                {
                                    "activity": "ACT_GEN_LKP_fetchIncrSrcCutoffTime",
                                    "dependencyConditions": [
                                        "Succeeded"
                                    ]
                                }
                            ],
                            "policy": {
                                "timeout": "0.12:00:00",
                                "retry": 0,
                                "retryIntervalInSeconds": 30,
                                "secureOutput": false,
                                "secureInput": false
                            },
                            "typeProperties": {
                                "source": {
                                    "type": "AzurePostgreSqlSource",
                                    "query": {
                                        "value": "@if(equals(item().source_column_list,''), \nconcat('Select * from ',item().source_schema_name,'.',item().source_table_name, ' where date_trunc(''second'',', item().source_watermark_column, '::timestamp)  > ','''' , activity('ACT_GEN_LKP_fetchIncrSrcCutoffTime').output.firstRow.source_cutoff_time , '''' , ' and ',' date_trunc (''second'',', item().source_watermark_column, '::timestamp) < ','''' ,item().currentdatetime , '''' )\n, \nconcat('Select ',item().source_column_list,' from ',item().source_schema_name,'.',item().source_table_name, ' where date_trunc(''second'',', item().source_watermark_column, '::timestamp)  > ','''' , activity('ACT_GEN_LKP_fetchIncrSrcCutoffTime').output.firstRow.source_cutoff_time , '''' , ' and ',' date_trunc (''second'',', item().source_watermark_column, '::timestamp) < ','''' ,item().currentdatetime , '''' ))",
                                        "type": "Expression"
                                    },
                                    "partitionOption": "None",
                                    "datasetSettings": {
                                        "annotations": [],
                                        "type": "AzurePostgreSqlTable",
                                        "schema": [],
                                        "externalReferences": {
                                            "connection": "8708ce66-ae98-46d1-8af8-c81531ba6c9c"
                                        }
                                    }
                                },
                                "sink": {
                                    "type": "ParquetSink",
                                    "storeSettings": {
                                        "type": "LakehouseWriteSettings"
                                    },
                                    "formatSettings": {
                                        "type": "ParquetWriteSettings",
                                        "enableVertiParquet": true
                                    },
                                    "datasetSettings": {
                                        "annotations": [],
                                        "linkedService": {
                                            "name": "contosolh",
                                            "properties": {
                                                "annotations": [],
                                                "type": "Lakehouse",
                                                "typeProperties": {
                                                    "workspaceId": "3635bd17-d7fc-47a0-ad5f-cd926ff8012e",
                                                    "artifactId": "7f6454bc-e9c4-44a0-9aca-5f71551f38ac",
                                                    "rootFolder": "Files"
                                                }
                                            }
                                        },
                                        "type": "Parquet",
                                        "typeProperties": {
                                            "location": {
                                                "type": "LakehouseLocation",
                                                "folderPath": {
                                                    "value": "@concat(item().target_folder_path,'/',item().source_schema_name,'/',item().source_table_name)",
                                                    "type": "Expression"
                                                }
                                            },
                                            "compressionCodec": "snappy"
                                        },
                                        "schema": []
                                    }
                                },
                                "enableStaging": false,
                                "translator": {
                                    "type": "TabularTranslator",
                                    "typeConversion": true,
                                    "typeConversionSettings": {
                                        "allowDataTruncation": true,
                                        "treatBooleanAsNumber": false
                                    }
                                }
                            }
                        },
                        {
                            "name": "ACT_GEN_EPIPE_sendFailureEmailNotification",
                            "description": "This activity is used to invoke and send failure email messages.",
                            "type": "ExecutePipeline",
                            "dependsOn": [
                                {
                                    "activity": "ACT_MT_Copy_IngestDbdataForIncrLoad",
                                    "dependencyConditions": [
                                        "Failed"
                                    ]
                                }
                            ],
                            "policy": {
                                "secureInput": false
                            },
                            "typeProperties": {
                                "pipeline": {
                                    "referenceName": "b807321c-885e-450c-8e5b-65e2b3ce44e3",
                                    "type": "PipelineReference"
                                },
                                "waitOnCompletion": true,
                                "parameters": {
                                    "par_successflag": false,
                                    "par_error_details": {
                                        "value": "@activity('ACT_MT_Copy_IngestDbdataForIncrLoad').output.errors[0].Message",
                                        "type": "Expression"
                                    }
                                }
                            }
                        },
                        {
                            "name": "ACT_GEN_EPIPE_invokeFullDBAuditingSuccessForFullLoad",
                            "description": "This activity is used to invoke auditing on successful full DB Ingestion.",
                            "type": "ExecutePipeline",
                            "dependsOn": [
                                {
                                    "activity": "ACT_MT_Copy_IngestDbdataForIncrLoad",
                                    "dependencyConditions": [
                                        "Succeeded"
                                    ]
                                }
                            ],
                            "policy": {
                                "secureInput": false
                            },
                            "typeProperties": {
                                "pipeline": {
                                    "referenceName": "1f13a9cd-98f2-44eb-809b-e24257abd0e7",
                                    "type": "PipelineReference"
                                },
                                "waitOnCompletion": true,
                                "parameters": {
                                    "par_data_consistency_verification": {
                                        "value": "@activity('ACT_MT_Copy_IngestDbdataForIncrLoad').output.dataConsistencyVerification.VerificationResult",
                                        "type": "Expression"
                                    },
                                    "par_data_read": {
                                        "value": "@activity('ACT_MT_Copy_IngestDbdataForIncrLoad').output.dataRead",
                                        "type": "Expression"
                                    },
                                    "par_data_written": {
                                        "value": "@activity('ACT_MT_Copy_IngestDbdataForIncrLoad').output.dataWritten",
                                        "type": "Expression"
                                    },
                                    "par_files_read": 0,
                                    "par_files_written": {
                                        "value": "@activity('ACT_MT_Copy_IngestDbdataForIncrLoad').output.filesWritten",
                                        "type": "Expression"
                                    },
                                    "par_item_name": {
                                        "value": "@concat(item().source_database_name,'.',item().source_schema_name,'.',item().source_table_name)",
                                        "type": "Expression"
                                    },
                                    "par_event_run_id": {
                                        "value": "@pipeline().RunId",
                                        "type": "Expression"
                                    },
                                    "par_copy_duration": {
                                        "value": "@activity('ACT_MT_Copy_IngestDbdataForIncrLoad').output.copyDuration",
                                        "type": "Expression"
                                    },
                                    "par_rows_read": {
                                        "value": "@activity('ACT_MT_Copy_IngestDbdataForIncrLoad').output.rowsRead",
                                        "type": "Expression"
                                    },
                                    "par_source_type": {
                                        "value": "@item().source_type",
                                        "type": "Expression"
                                    },
                                    "par_status": {
                                        "value": "@if(equals(activity('ACT_MT_Copy_IngestDbdataForIncrLoad').output.executionDetails[0].status, 'Succeeded'), 'success', 'failure')",
                                        "type": "Expression"
                                    },
                                    "par_rows_written": {
                                        "value": "@activity('ACT_MT_Copy_IngestDbdataForIncrLoad').output.rowsCopied",
                                        "type": "Expression"
                                    },
                                    "par_event_start_time": {
                                        "value": "@activity('ACT_MT_Copy_IngestDbdataForIncrLoad').ExecutionStartTime",
                                        "type": "Expression"
                                    },
                                    "par_event_end_time": {
                                        "value": "@activity('ACT_MT_Copy_IngestDbdataForIncrLoad').ExecutionEndTime",
                                        "type": "Expression"
                                    },
                                    "par_source_cutoff_time": {
                                        "value": "@item().currentdatetime",
                                        "type": "Expression"
                                    },
                                    "par_load_type": {
                                        "value": "Incr",
                                        "type": "Expression"
                                    },
                                    "par_event_triggered_by": {
                                        "value": "@pipeline().TriggerType",
                                        "type": "Expression"
                                    },
                                    "par_event_activity_run_id": {
                                        "value": "@activity('ACT_MT_Copy_IngestDbdataForIncrLoad').ActivityRunId",
                                        "type": "Expression"
                                    },
                                    "par_pipeline_url": {
                                        "value": "@concat('https://app.fabric.microsoft.com/workloads/data-pipeline/monitoring/workspaces/',pipeline().DataFactory,'/pipelines/',pipeline().PipelineName,'/',pipeline().RunId,'?experience=data-factory')",
                                        "type": "Expression"
                                    }
                                }
                            }
                        },
                        {
                            "name": "ACT_GEN_EPIPE_invokeFullDBAuditingFailureForFullLoad",
                            "description": "This activity is used to invoke auditing on failure of full DB Ingestion.",
                            "type": "ExecutePipeline",
                            "dependsOn": [
                                {
                                    "activity": "ACT_MT_Copy_IngestDbdataForIncrLoad",
                                    "dependencyConditions": [
                                        "Failed"
                                    ]
                                }
                            ],
                            "policy": {
                                "secureInput": false
                            },
                            "typeProperties": {
                                "pipeline": {
                                    "referenceName": "1f13a9cd-98f2-44eb-809b-e24257abd0e7",
                                    "type": "PipelineReference"
                                },
                                "waitOnCompletion": true,
                                "parameters": {
                                    "par_data_consistency_verification": {
                                        "value": "@activity('ACT_MT_Copy_IngestDbdataForIncrLoad').output.dataConsistencyVerification.VerificationResult",
                                        "type": "Expression"
                                    },
                                    "par_data_read": {
                                        "value": "@activity('ACT_MT_Copy_IngestDbdataForIncrLoad').output.dataRead",
                                        "type": "Expression"
                                    },
                                    "par_data_written": {
                                        "value": "@activity('ACT_MT_Copy_IngestDbdataForIncrLoad').output.dataWritten",
                                        "type": "Expression"
                                    },
                                    "par_files_read": 0,
                                    "par_files_written": {
                                        "value": "@activity('ACT_MT_Copy_IngestDbdataForIncrLoad').output.filesWritten",
                                        "type": "Expression"
                                    },
                                    "par_item_name": {
                                        "value": "@concat(item().source_database_name,'.',item().source_schema_name,'.',item().source_table_name)",
                                        "type": "Expression"
                                    },
                                    "par_event_run_id": {
                                        "value": "@pipeline().RunId",
                                        "type": "Expression"
                                    },
                                    "par_copy_duration": {
                                        "value": "@activity('ACT_MT_Copy_IngestDbdataForIncrLoad').output.copyDuration",
                                        "type": "Expression"
                                    },
                                    "par_rows_read": {
                                        "value": "0",
                                        "type": "Expression"
                                    },
                                    "par_source_type": {
                                        "value": "@item().source_type",
                                        "type": "Expression"
                                    },
                                    "par_status": {
                                        "value": "@if(equals(activity('ACT_MT_Copy_IngestDbdataForIncrLoad').output.executionDetails[0].status, 'Succeeded'), 'success', 'failure')",
                                        "type": "Expression"
                                    },
                                    "par_rows_written": {
                                        "value": "0",
                                        "type": "Expression"
                                    },
                                    "par_event_start_time": {
                                        "value": "@activity('ACT_MT_Copy_IngestDbdataForIncrLoad').ExecutionStartTime",
                                        "type": "Expression"
                                    },
                                    "par_event_end_time": {
                                        "value": "@activity('ACT_MT_Copy_IngestDbdataForIncrLoad').ExecutionEndTime",
                                        "type": "Expression"
                                    },
                                    "par_source_cutoff_time": {
                                        "value": "@item().source_cutoff_time",
                                        "type": "Expression"
                                    },
                                    "par_load_type": {
                                        "value": "Incr",
                                        "type": "Expression"
                                    },
                                    "par_event_triggered_by": {
                                        "value": "@pipeline().TriggerType",
                                        "type": "Expression"
                                    },
                                    "par_event_activity_run_id": {
                                        "value": "@activity('ACT_MT_Copy_IngestDbdataForIncrLoad').ActivityRunId",
                                        "type": "Expression"
                                    },
                                    "par_error_details": {
                                        "value": "@activity('ACT_MT_Copy_IngestDbdataForIncrLoad').output.errors[0].Message",
                                        "type": "Expression"
                                    },
                                    "par_pipeline_url": {
                                        "value": "@concat('https://app.fabric.microsoft.com/workloads/data-pipeline/monitoring/workspaces/',pipeline().DataFactory,'/pipelines/',pipeline().PipelineName,'/',pipeline().RunId,'?experience=data-factory')",
                                        "type": "Expression"
                                    }
                                }
                            }
                        },
                        {
                            "name": "ACT_GEN_LKP_fetchIncrSrcCutoffTime",
                            "description": "This lookup is used to fetch the incremental source cut off time.",
                            "type": "Lookup",
                            "dependsOn": [],
                            "policy": {
                                "timeout": "0.12:00:00",
                                "retry": 0,
                                "retryIntervalInSeconds": 30,
                                "secureOutput": false,
                                "secureInput": false
                            },
                            "typeProperties": {
                                "source": {
                                    "type": "DataWarehouseSource",
                                    "sqlReaderQuery": {
                                        "value": "select source_cutoff_time from mtd.audit_table WHERE item_name= @{concat('''',item().source_database_name,'.',item().source_schema_name, '.', item().source_table_name,'''')} and status = 'success'",
                                        "type": "Expression"
                                    },
                                    "queryTimeout": "02:00:00",
                                    "partitionOption": "None"
                                },
                                "firstRowOnly": true,
                                "datasetSettings": {
                                    "annotations": [],
                                    "linkedService": {
                                        "name": "contosowh",
                                        "properties": {
                                            "annotations": [],
                                            "type": "DataWarehouse",
                                            "typeProperties": {
                                                "endpoint": "zdcinfe5wdxeljh5nc2izvmpxm-c66tknx426qeplk7zwjg76abfy.datawarehouse.fabric.microsoft.com",
                                                "artifactId": "48c68647-d2fd-4fdc-9b60-e3d957b13717"
                                            }
                                        }
                                    },
                                    "type": "DataWarehouseTable",
                                    "schema": [],
                                    "typeProperties": {
                                        "schema": "mtd",
                                        "table": "control_table"
                                    }
                                }
                            }
                        }
                    ]
                }
            },
            {
                "name": "ACT_GEN_EPIPE_sendSuccessEmailNotification",
                "description": "This activity is used to send File and DB Ingestion Email success notification.",
                "type": "ExecutePipeline",
                "dependsOn": [
                    {
                        "activity": "ACT_ITRC_FOR_eachItemInControlTable",
                        "dependencyConditions": [
                            "Succeeded"
                        ]
                    }
                ],
                "policy": {
                    "secureInput": false
                },
                "typeProperties": {
                    "pipeline": {
                        "referenceName": "b807321c-885e-450c-8e5b-65e2b3ce44e3",
                        "type": "PipelineReference"
                    },
                    "waitOnCompletion": true,
                    "parameters": {
                        "par_successflag": "True"
                    }
                }
            }
        ],
        "lastModifiedByObjectId": "24ad6014-05cb-42ce-92f3-e4ba5271e2df",
        "lastPublishTime": "2024-03-09T16:54:10Z"
    }
}