{
    "name": "PL_DynamicIngestionPipelineFullLoad_PG",
    "objectId": "5263c341-74ab-4818-a15f-04a6b0f140e3",
    "properties": {
        "activities": [
            {
                "name": "ACT_GEN_LKP_fetchControlTableforfullload",
                "description": "Control table is used to control and select an item from the source system to be moved into a data lake. This activity is used to load items for full load which are enabled.",
                "type": "Lookup",
                "dependsOn": [],
                "policy": {
                    "timeout": "0.12:00:00",
                    "retry": 0,
                    "retryIntervalInSeconds": 30,
                    "secureOutput": false,
                    "secureInput": false
                },
                "typeProperties": {
                    "source": {
                        "type": "DataWarehouseSource",
                        "sqlReaderQuery": "select * from mtd.control_table where enable_flag = 1 and load_type='Full' and source_type='POSTGRESQL';",
                        "queryTimeout": "02:00:00",
                        "partitionOption": "None"
                    },
                    "firstRowOnly": false,
                    "datasetSettings": {
                        "annotations": [],
                        "linkedService": {
                            "name": "contosowh",
                            "properties": {
                                "annotations": [],
                                "type": "DataWarehouse",
                                "typeProperties": {
                                    "endpoint": "zdcinfe5wdxeljh5nc2izvmpxm-c66tknx426qeplk7zwjg76abfy.datawarehouse.fabric.microsoft.com",
                                    "artifactId": "48c68647-d2fd-4fdc-9b60-e3d957b13717"
                                }
                            }
                        },
                        "type": "DataWarehouseTable",
                        "schema": [],
                        "typeProperties": {
                            "schema": "mtd",
                            "table": "control_table"
                        }
                    }
                }
            },
            {
                "name": "ACT_ITRC_FOR_eachitemInControlTable",
                "description": "This activity will iterate over all the objects fetched from the control table. Please note that the sequential checkbox is on to ensure that the variables used are set appropriately.",
                "type": "ForEach",
                "dependsOn": [
                    {
                        "activity": "ACT_GEN_LKP_fetchControlTableforfullload",
                        "dependencyConditions": [
                            "Succeeded"
                        ]
                    }
                ],
                "typeProperties": {
                    "items": {
                        "value": "@activity('ACT_GEN_LKP_fetchControlTableforfullload').output.value",
                        "type": "Expression"
                    },
                    "activities": [
                        {
                            "name": "ACT_ITRC_IF_chkblobOrDB",
                            "description": "If the source type is \"Blob\", file ingestion is invoked else DB ingestion is invoked for full load.",
                            "type": "IfCondition",
                            "dependsOn": [],
                            "typeProperties": {
                                "expression": {
                                    "value": "@equals(item().source_type, 'POSTGRESQL')",
                                    "type": "Expression"
                                },
                                "ifFalseActivities": [
                                    {
                                        "name": "ACT_MT_Copy_ingestBlobdataForFullLoad",
                                        "description": "This activity is used to copy the data from Blob/ADLS source to Blob/ADLS destination. Please note that the source and sink container & folder are dynamically populated.",
                                        "type": "Copy",
                                        "dependsOn": [],
                                        "policy": {
                                            "timeout": "0.12:00:00",
                                            "retry": 0,
                                            "retryIntervalInSeconds": 30,
                                            "secureOutput": false,
                                            "secureInput": false
                                        },
                                        "typeProperties": {
                                            "source": {
                                                "type": "ParquetSource",
                                                "storeSettings": {
                                                    "type": "AzureBlobFSReadSettings",
                                                    "recursive": true,
                                                    "enablePartitionDiscovery": false
                                                },
                                                "formatSettings": {
                                                    "type": "ParquetReadSettings"
                                                },
                                                "datasetSettings": {
                                                    "annotations": [],
                                                    "type": "Parquet",
                                                    "typeProperties": {
                                                        "location": {
                                                            "type": "AzureBlobFSLocation",
                                                            "folderPath": {
                                                                "value": "@item().source_folder_path",
                                                                "type": "Expression"
                                                            },
                                                            "fileSystem": {
                                                                "value": "@item().source_container_name",
                                                                "type": "Expression"
                                                            }
                                                        },
                                                        "compressionCodec": "snappy"
                                                    },
                                                    "schema": [],
                                                    "externalReferences": {
                                                        "connection": "1831c247-299a-4b10-9c68-0fe81bff4b08"
                                                    }
                                                }
                                            },
                                            "sink": {
                                                "type": "ParquetSink",
                                                "storeSettings": {
                                                    "type": "LakehouseWriteSettings"
                                                },
                                                "formatSettings": {
                                                    "type": "ParquetWriteSettings",
                                                    "enableVertiParquet": true
                                                },
                                                "datasetSettings": {
                                                    "annotations": [],
                                                    "linkedService": {
                                                        "name": "contosolh",
                                                        "properties": {
                                                            "annotations": [],
                                                            "type": "Lakehouse",
                                                            "typeProperties": {
                                                                "workspaceId": "3635bd17-d7fc-47a0-ad5f-cd926ff8012e",
                                                                "artifactId": "7f6454bc-e9c4-44a0-9aca-5f71551f38ac",
                                                                "rootFolder": "Files"
                                                            }
                                                        }
                                                    },
                                                    "type": "Parquet",
                                                    "typeProperties": {
                                                        "location": {
                                                            "type": "LakehouseLocation",
                                                            "folderPath": {
                                                                "value": "@concat(item().target_folder_path,'/',item().source_schema_name,'/',item().source_table_name)",
                                                                "type": "Expression"
                                                            }
                                                        },
                                                        "compressionCodec": "snappy"
                                                    },
                                                    "schema": []
                                                }
                                            },
                                            "enableStaging": false,
                                            "translator": {
                                                "type": "TabularTranslator",
                                                "typeConversion": true,
                                                "typeConversionSettings": {
                                                    "allowDataTruncation": true,
                                                    "treatBooleanAsNumber": false
                                                }
                                            }
                                        }
                                    },
                                    {
                                        "name": "ACT_GEN_EPIPE_sendBlobFullldFailureEmailNotification",
                                        "description": "This activity is used to invoke and send failure email messages.",
                                        "type": "ExecutePipeline",
                                        "dependsOn": [
                                            {
                                                "activity": "ACT_MT_Copy_ingestBlobdataForFullLoad",
                                                "dependencyConditions": [
                                                    "Failed"
                                                ]
                                            }
                                        ],
                                        "policy": {
                                            "secureInput": false
                                        },
                                        "typeProperties": {
                                            "pipeline": {
                                                "referenceName": "b807321c-885e-450c-8e5b-65e2b3ce44e3",
                                                "type": "PipelineReference"
                                            },
                                            "waitOnCompletion": true,
                                            "parameters": {
                                                "par_successflag": false,
                                                "par_error_details": {
                                                    "value": "@activity('ACT_MT_Copy_ingestBlobdataForFullLoad').output.errors[0].Message",
                                                    "type": "Expression"
                                                }
                                            }
                                        }
                                    },
                                    {
                                        "name": "ACT_GEN_EPIPE_invokeFullBlobAuditingSuccessForFullLoad",
                                        "description": "This activity is used to invoke auditing on successful full Blob Ingestion.",
                                        "type": "ExecutePipeline",
                                        "dependsOn": [
                                            {
                                                "activity": "ACT_MT_Copy_ingestBlobdataForFullLoad",
                                                "dependencyConditions": [
                                                    "Succeeded"
                                                ]
                                            }
                                        ],
                                        "policy": {
                                            "secureInput": false
                                        },
                                        "typeProperties": {
                                            "pipeline": {
                                                "referenceName": "1f13a9cd-98f2-44eb-809b-e24257abd0e7",
                                                "type": "PipelineReference"
                                            },
                                            "waitOnCompletion": true,
                                            "parameters": {
                                                "par_data_consistency_verification": {
                                                    "value": "@activity('ACT_MT_Copy_ingestBlobdataForFullLoad').output.dataConsistencyVerification.VerificationResult",
                                                    "type": "Expression"
                                                },
                                                "par_data_read": {
                                                    "value": "@activity('ACT_MT_Copy_ingestBlobdataForFullLoad').output.dataRead",
                                                    "type": "Expression"
                                                },
                                                "par_data_written": {
                                                    "value": "@activity('ACT_MT_Copy_ingestBlobdataForFullLoad').output.dataWritten",
                                                    "type": "Expression"
                                                },
                                                "par_files_read": 0,
                                                "par_files_written": {
                                                    "value": "@activity('ACT_MT_Copy_ingestBlobdataForFullLoad').output.filesWritten",
                                                    "type": "Expression"
                                                },
                                                "par_item_name": {
                                                    "value": "@concat(item().source_container_name,'/',item().source_folder_path)",
                                                    "type": "Expression"
                                                },
                                                "par_event_run_id": {
                                                    "value": "@pipeline().RunId",
                                                    "type": "Expression"
                                                },
                                                "par_copy_duration": {
                                                    "value": "@activity('ACT_MT_Copy_ingestBlobdataForFullLoad').output.copyDuration",
                                                    "type": "Expression"
                                                },
                                                "par_rows_read": {
                                                    "value": "@activity('ACT_MT_Copy_ingestBlobdataForFullLoad').output.rowsRead",
                                                    "type": "Expression"
                                                },
                                                "par_source_type": {
                                                    "value": "@item().source_type",
                                                    "type": "Expression"
                                                },
                                                "par_status": {
                                                    "value": "@if(equals(activity('ACT_MT_Copy_ingestBlobdataForFullLoad').output.executionDetails[0].status, 'Succeeded'), 'success', 'failure')",
                                                    "type": "Expression"
                                                },
                                                "par_rows_written": {
                                                    "value": "@activity('ACT_MT_Copy_ingestBlobdataForFullLoad').output.rowsCopied",
                                                    "type": "Expression"
                                                },
                                                "par_event_start_time": {
                                                    "value": "@activity('ACT_MT_Copy_ingestBlobdataForFullLoad').ExecutionStartTime",
                                                    "type": "Expression"
                                                },
                                                "par_event_end_time": {
                                                    "value": "@activity('ACT_MT_Copy_ingestBlobdataForFullLoad').ExecutionEndTime",
                                                    "type": "Expression"
                                                },
                                                "par_source_cutoff_time": {
                                                    "value": "@item().source_cutoff_time",
                                                    "type": "Expression"
                                                },
                                                "par_load_type": {
                                                    "value": "Full",
                                                    "type": "Expression"
                                                },
                                                "par_event_triggered_by": {
                                                    "value": "@pipeline().TriggerType",
                                                    "type": "Expression"
                                                },
                                                "par_event_activity_run_id": {
                                                    "value": "@activity('ACT_MT_Copy_ingestBlobdataForFullLoad').ActivityRunId",
                                                    "type": "Expression"
                                                },
                                                "par_pipeline_url": {
                                                    "value": "@concat('https://app.fabric.microsoft.com/workloads/data-pipeline/monitoring/workspaces/',pipeline().DataFactory,'/pipelines/',pipeline().PipelineName,'/',pipeline().RunId,'?experience=data-factory')",
                                                    "type": "Expression"
                                                }
                                            }
                                        }
                                    },
                                    {
                                        "name": "ACT_GEN_EPIPE_invokeFullBlobAuditingFailureForFullLoad",
                                        "description": "This activity is used to invoke auditing on failure of full Blob Ingestion.",
                                        "type": "ExecutePipeline",
                                        "dependsOn": [
                                            {
                                                "activity": "ACT_MT_Copy_ingestBlobdataForFullLoad",
                                                "dependencyConditions": [
                                                    "Failed"
                                                ]
                                            }
                                        ],
                                        "policy": {
                                            "secureInput": false
                                        },
                                        "typeProperties": {
                                            "pipeline": {
                                                "referenceName": "1f13a9cd-98f2-44eb-809b-e24257abd0e7",
                                                "type": "PipelineReference"
                                            },
                                            "waitOnCompletion": true,
                                            "parameters": {
                                                "par_data_consistency_verification": {
                                                    "value": "@activity('ACT_MT_Copy_ingestBlobdataForFullLoad').output.dataConsistencyVerification.VerificationResult",
                                                    "type": "Expression"
                                                },
                                                "par_data_read": {
                                                    "value": "@activity('ACT_MT_Copy_ingestBlobdataForFullLoad').output.dataRead",
                                                    "type": "Expression"
                                                },
                                                "par_data_written": {
                                                    "value": "@activity('ACT_MT_Copy_ingestBlobdataForFullLoad').output.dataWritten",
                                                    "type": "Expression"
                                                },
                                                "par_files_read": 0,
                                                "par_files_written": {
                                                    "value": "@activity('ACT_MT_Copy_ingestBlobdataForFullLoad').output.filesWritten",
                                                    "type": "Expression"
                                                },
                                                "par_item_name": {
                                                    "value": "@concat(item().source_container_name,'/',item().source_folder_path)",
                                                    "type": "Expression"
                                                },
                                                "par_event_run_id": {
                                                    "value": "@pipeline().RunId",
                                                    "type": "Expression"
                                                },
                                                "par_copy_duration": {
                                                    "value": "@activity('ACT_MT_Copy_ingestBlobdataForFullLoad').output.copyDuration",
                                                    "type": "Expression"
                                                },
                                                "par_rows_read": {
                                                    "value": "@activity('ACT_MT_Copy_ingestBlobdataForFullLoad').output.rowsRead",
                                                    "type": "Expression"
                                                },
                                                "par_source_type": {
                                                    "value": "@item().source_type",
                                                    "type": "Expression"
                                                },
                                                "par_status": {
                                                    "value": "@if(equals(activity('ACT_MT_Copy_ingestBlobdataForFullLoad').output.executionDetails[0].status, 'Succeeded'), 'success', 'failure')",
                                                    "type": "Expression"
                                                },
                                                "par_rows_written": {
                                                    "value": "@activity('ACT_MT_Copy_ingestBlobdataForFullLoad').output.rowsCopied",
                                                    "type": "Expression"
                                                },
                                                "par_event_start_time": {
                                                    "value": "@activity('ACT_MT_Copy_ingestBlobdataForFullLoad').ExecutionStartTime",
                                                    "type": "Expression"
                                                },
                                                "par_event_end_time": {
                                                    "value": "@activity('ACT_MT_Copy_ingestBlobdataForFullLoad').ExecutionEndTime",
                                                    "type": "Expression"
                                                },
                                                "par_source_cutoff_time": {
                                                    "value": "@item().source_cutoff_time",
                                                    "type": "Expression"
                                                },
                                                "par_load_type": {
                                                    "value": "Full",
                                                    "type": "Expression"
                                                },
                                                "par_event_triggered_by": {
                                                    "value": "@pipeline().TriggerType",
                                                    "type": "Expression"
                                                },
                                                "par_event_activity_run_id": {
                                                    "value": "@activity('ACT_MT_Copy_ingestBlobdataForFullLoad').ActivityRunId",
                                                    "type": "Expression"
                                                },
                                                "par_error_details": {
                                                    "value": "@activity('ACT_MT_Copy_ingestBlobdataForFullLoad').output.errors[0].Message",
                                                    "type": "Expression"
                                                },
                                                "par_pipeline_url": {
                                                    "value": "@concat('https://app.fabric.microsoft.com/workloads/data-pipeline/monitoring/workspaces/',pipeline().DataFactory,'/pipelines/',pipeline().PipelineName,'/',pipeline().RunId,'?experience=data-factory')",
                                                    "type": "Expression"
                                                }
                                            }
                                        }
                                    }
                                ],
                                "ifTrueActivities": [
                                    {
                                        "name": "ACT_MT_Copy_ingestDbdataForFullLoad",
                                        "description": "This activity is used to copy full DB data.",
                                        "type": "Copy",
                                        "dependsOn": [],
                                        "policy": {
                                            "timeout": "0.12:00:00",
                                            "retry": 0,
                                            "retryIntervalInSeconds": 30,
                                            "secureOutput": false,
                                            "secureInput": false
                                        },
                                        "typeProperties": {
                                            "source": {
                                                "type": "AzurePostgreSqlSource",
                                                "query": {
                                                    "value": "@concat('Select * from ',item().source_schema_name,'.',item().source_table_name, ' where date_trunc (''second'',', item().source_watermark_column, '::timestamp) < ','''', item().source_cutoff_time,'''')",
                                                    "type": "Expression"
                                                },
                                                "partitionOption": "None",
                                                "datasetSettings": {
                                                    "annotations": [],
                                                    "type": "AzurePostgreSqlTable",
                                                    "schema": [],
                                                    "externalReferences": {
                                                        "connection": "f39ca659-7698-41f7-93c2-6ee3a115febc"
                                                    }
                                                }
                                            },
                                            "sink": {
                                                "type": "DelimitedTextSink",
                                                "storeSettings": {
                                                    "type": "LakehouseWriteSettings"
                                                },
                                                "formatSettings": {
                                                    "type": "DelimitedTextWriteSettings",
                                                    "quoteAllText": true,
                                                    "fileExtension": ".txt"
                                                },
                                                "datasetSettings": {
                                                    "annotations": [],
                                                    "linkedService": {
                                                        "name": "contosotabluelh",
                                                        "properties": {
                                                            "annotations": [],
                                                            "type": "Lakehouse",
                                                            "typeProperties": {
                                                                "workspaceId": "3635bd17-d7fc-47a0-ad5f-cd926ff8012e",
                                                                "artifactId": "762ac708-402c-4b93-9187-f042e7d2a79b",
                                                                "rootFolder": "Files"
                                                            }
                                                        }
                                                    },
                                                    "type": "DelimitedText",
                                                    "typeProperties": {
                                                        "location": {
                                                            "type": "LakehouseLocation",
                                                            "folderPath": {
                                                                "value": "@concat(item().target_folder_path,'/',item().source_schema_name,'/',item().source_table_name)",
                                                                "type": "Expression"
                                                            }
                                                        },
                                                        "columnDelimiter": ",",
                                                        "escapeChar": "\\",
                                                        "firstRowAsHeader": true,
                                                        "quoteChar": "\""
                                                    },
                                                    "schema": []
                                                }
                                            },
                                            "enableStaging": false,
                                            "translator": {
                                                "type": "TabularTranslator",
                                                "typeConversion": true,
                                                "typeConversionSettings": {
                                                    "allowDataTruncation": true,
                                                    "treatBooleanAsNumber": false
                                                }
                                            }
                                        }
                                    },
                                    {
                                        "name": "ACT_GEN_EPIPE_sendFailureEmailNotification",
                                        "description": "This activity is used to invoke and send failure email messages.",
                                        "type": "ExecutePipeline",
                                        "dependsOn": [
                                            {
                                                "activity": "ACT_MT_Copy_ingestDbdataForFullLoad",
                                                "dependencyConditions": [
                                                    "Failed"
                                                ]
                                            }
                                        ],
                                        "policy": {
                                            "secureInput": false
                                        },
                                        "typeProperties": {
                                            "pipeline": {
                                                "referenceName": "b807321c-885e-450c-8e5b-65e2b3ce44e3",
                                                "type": "PipelineReference"
                                            },
                                            "waitOnCompletion": true,
                                            "parameters": {
                                                "par_successflag": false,
                                                "par_error_details": {
                                                    "value": "@concat('Table Name:',item().source_table_name,'Error Message:',activity('ACT_MT_Copy_ingestDbdataForFullLoad').output.errors[0].Message)",
                                                    "type": "Expression"
                                                }
                                            }
                                        }
                                    },
                                    {
                                        "name": "ACT_GEN_EPIPE_invokeFullDBAuditingSuccessForFullLoad",
                                        "description": "This activity is used to invoke auditing on successful full DB Ingestion.",
                                        "type": "ExecutePipeline",
                                        "dependsOn": [
                                            {
                                                "activity": "ACT_MT_Copy_ingestDbdataForFullLoad",
                                                "dependencyConditions": [
                                                    "Succeeded"
                                                ]
                                            }
                                        ],
                                        "policy": {
                                            "secureInput": false
                                        },
                                        "typeProperties": {
                                            "pipeline": {
                                                "referenceName": "1f13a9cd-98f2-44eb-809b-e24257abd0e7",
                                                "type": "PipelineReference"
                                            },
                                            "waitOnCompletion": true,
                                            "parameters": {
                                                "par_data_consistency_verification": {
                                                    "value": "@activity('ACT_MT_Copy_ingestDbdataForFullLoad').output.dataConsistencyVerification.VerificationResult",
                                                    "type": "Expression"
                                                },
                                                "par_data_read": {
                                                    "value": "@activity('ACT_MT_Copy_ingestDbdataForFullLoad').output.dataRead",
                                                    "type": "Expression"
                                                },
                                                "par_data_written": {
                                                    "value": "@activity('ACT_MT_Copy_ingestDbdataForFullLoad').output.dataWritten",
                                                    "type": "Expression"
                                                },
                                                "par_files_read": 0,
                                                "par_files_written": {
                                                    "value": "@activity('ACT_MT_Copy_ingestDbdataForFullLoad').output.filesWritten",
                                                    "type": "Expression"
                                                },
                                                "par_item_name": {
                                                    "value": "@concat(item().source_database_name,'.',item().source_schema_name,'.',item().source_table_name)",
                                                    "type": "Expression"
                                                },
                                                "par_event_run_id": {
                                                    "value": "@pipeline().RunId",
                                                    "type": "Expression"
                                                },
                                                "par_copy_duration": {
                                                    "value": "@activity('ACT_MT_Copy_ingestDbdataForFullLoad').output.copyDuration",
                                                    "type": "Expression"
                                                },
                                                "par_rows_read": {
                                                    "value": "@activity('ACT_MT_Copy_ingestDbdataForFullLoad').output.rowsRead",
                                                    "type": "Expression"
                                                },
                                                "par_source_type": {
                                                    "value": "@item().source_type",
                                                    "type": "Expression"
                                                },
                                                "par_status": {
                                                    "value": "@if(equals(activity('ACT_MT_Copy_ingestDbdataForFullLoad').output.executionDetails[0].status, 'Succeeded'), 'success', 'failure')",
                                                    "type": "Expression"
                                                },
                                                "par_rows_written": {
                                                    "value": "@activity('ACT_MT_Copy_ingestDbdataForFullLoad').output.rowsCopied",
                                                    "type": "Expression"
                                                },
                                                "par_event_start_time": {
                                                    "value": "@activity('ACT_MT_Copy_ingestDbdataForFullLoad').ExecutionStartTime",
                                                    "type": "Expression"
                                                },
                                                "par_event_end_time": {
                                                    "value": "@activity('ACT_MT_Copy_ingestDbdataForFullLoad').ExecutionEndTime",
                                                    "type": "Expression"
                                                },
                                                "par_source_cutoff_time": {
                                                    "value": "@item().source_cutoff_time",
                                                    "type": "Expression"
                                                },
                                                "par_load_type": {
                                                    "value": "Full",
                                                    "type": "Expression"
                                                },
                                                "par_event_triggered_by": {
                                                    "value": "@pipeline().TriggerType",
                                                    "type": "Expression"
                                                },
                                                "par_event_activity_run_id": {
                                                    "value": "@activity('ACT_MT_Copy_ingestDbdataForFullLoad').ActivityRunId",
                                                    "type": "Expression"
                                                },
                                                "par_pipeline_url": {
                                                    "value": "@concat('https://app.fabric.microsoft.com/workloads/data-pipeline/monitoring/workspaces/',pipeline().DataFactory,'/pipelines/',pipeline().PipelineName,'/',pipeline().RunId,'?experience=data-factory')",
                                                    "type": "Expression"
                                                }
                                            }
                                        }
                                    },
                                    {
                                        "name": "ACT_GEN_EPIPE_invokeFullDBAuditingFailureForFullLoad",
                                        "description": "This activity is used to invoke auditing on failure of full DB Ingestion.",
                                        "type": "ExecutePipeline",
                                        "dependsOn": [
                                            {
                                                "activity": "ACT_MT_Copy_ingestDbdataForFullLoad",
                                                "dependencyConditions": [
                                                    "Failed"
                                                ]
                                            }
                                        ],
                                        "policy": {
                                            "secureInput": false
                                        },
                                        "typeProperties": {
                                            "pipeline": {
                                                "referenceName": "1f13a9cd-98f2-44eb-809b-e24257abd0e7",
                                                "type": "PipelineReference"
                                            },
                                            "waitOnCompletion": true,
                                            "parameters": {
                                                "par_data_consistency_verification": {
                                                    "value": "@activity('ACT_MT_Copy_ingestDbdataForFullLoad').output.dataConsistencyVerification.VerificationResult",
                                                    "type": "Expression"
                                                },
                                                "par_data_read": {
                                                    "value": "@activity('ACT_MT_Copy_ingestDbdataForFullLoad').output.dataRead",
                                                    "type": "Expression"
                                                },
                                                "par_data_written": {
                                                    "value": "@activity('ACT_MT_Copy_ingestDbdataForFullLoad').output.dataWritten",
                                                    "type": "Expression"
                                                },
                                                "par_files_read": 0,
                                                "par_files_written": {
                                                    "value": "@activity('ACT_MT_Copy_ingestDbdataForFullLoad').output.filesWritten",
                                                    "type": "Expression"
                                                },
                                                "par_item_name": {
                                                    "value": "@concat(item().source_database_name,'.',item().source_schema_name,'.',item().source_table_name)",
                                                    "type": "Expression"
                                                },
                                                "par_event_run_id": {
                                                    "value": "@pipeline().RunId",
                                                    "type": "Expression"
                                                },
                                                "par_copy_duration": {
                                                    "value": "@activity('ACT_MT_Copy_ingestDbdataForFullLoad').output.copyDuration",
                                                    "type": "Expression"
                                                },
                                                "par_rows_read": {
                                                    "value": "0",
                                                    "type": "Expression"
                                                },
                                                "par_source_type": {
                                                    "value": "@item().source_type",
                                                    "type": "Expression"
                                                },
                                                "par_status": {
                                                    "value": "@if(equals(activity('ACT_MT_Copy_ingestDbdataForFullLoad').output.executionDetails[0].status, 'Succeeded'), 'success', 'failure')",
                                                    "type": "Expression"
                                                },
                                                "par_rows_written": {
                                                    "value": "0",
                                                    "type": "Expression"
                                                },
                                                "par_event_start_time": {
                                                    "value": "@activity('ACT_MT_Copy_ingestDbdataForFullLoad').ExecutionStartTime",
                                                    "type": "Expression"
                                                },
                                                "par_event_end_time": {
                                                    "value": "@activity('ACT_MT_Copy_ingestDbdataForFullLoad').ExecutionEndTime",
                                                    "type": "Expression"
                                                },
                                                "par_source_cutoff_time": {
                                                    "value": "@item().source_cutoff_time",
                                                    "type": "Expression"
                                                },
                                                "par_load_type": {
                                                    "value": "Full",
                                                    "type": "Expression"
                                                },
                                                "par_event_triggered_by": {
                                                    "value": "@pipeline().TriggerType",
                                                    "type": "Expression"
                                                },
                                                "par_event_activity_run_id": {
                                                    "value": "@activity('ACT_MT_Copy_ingestDbdataForFullLoad').ActivityRunId",
                                                    "type": "Expression"
                                                },
                                                "par_error_details": {
                                                    "value": "@activity('ACT_MT_Copy_ingestDbdataForFullLoad').output.errors[0].Message",
                                                    "type": "Expression"
                                                },
                                                "par_pipeline_url": {
                                                    "value": "@concat('https://app.fabric.microsoft.com/workloads/data-pipeline/monitoring/workspaces/',pipeline().DataFactory,'/pipelines/',pipeline().PipelineName,'/',pipeline().RunId,'?experience=data-factory')",
                                                    "type": "Expression"
                                                }
                                            }
                                        }
                                    }
                                ]
                            }
                        }
                    ]
                }
            },
            {
                "name": "ACT_GEN_EPIPE_sendSuccessEmailNotification",
                "description": "This activity is used to send File and DB Ingestion Email success notification.",
                "type": "ExecutePipeline",
                "dependsOn": [
                    {
                        "activity": "ACT_ITRC_FOR_eachitemInControlTable",
                        "dependencyConditions": [
                            "Succeeded"
                        ]
                    }
                ],
                "policy": {
                    "secureInput": false
                },
                "typeProperties": {
                    "pipeline": {
                        "referenceName": "b807321c-885e-450c-8e5b-65e2b3ce44e3",
                        "type": "PipelineReference"
                    },
                    "waitOnCompletion": true,
                    "parameters": {
                        "par_successflag": "True"
                    }
                }
            }
        ],
        "lastModifiedByObjectId": "24ad6014-05cb-42ce-92f3-e4ba5271e2df",
        "lastPublishTime": "2024-05-01T18:09:43Z",
        "logicAppsConnectionPayload": {
            "id": "/subscriptions/53bdba1f-0a53-4622-ad41-e78082275937/resourceGroups/connections-3635bd17-d7fc-47a0-ad5f-cd926ff8012e/providers/Microsoft.Web/connections/2_b736241a-c41a-4962-87ba-c34e5bffc71e_24ad6014-05cb-42ce-92f3-e4ba5271e2df",
            "properties": {
                "api": {
                    "name": "teams",
                    "id": "/subscriptions/53bdba1f-0a53-4622-ad41-e78082275937/providers/Microsoft.Web/locations/westus3/managedApis/teams"
                }
            }
        }
    }
}