{
    "name": "PL_PopulateMetadataTable_PG",
    "objectId": "33f7dd98-7995-4168-a1cb-9e040e8f80d9",
    "properties": {
        "activities": [
            {
                "name": "PL_CreateAndPopulateControlTable",
                "description": "This pipeline will help in creating and populating the metadata in control table  in Datawarehouse.",
                "type": "Copy",
                "dependsOn": [],
                "policy": {
                    "timeout": "0.12:00:00",
                    "retry": 0,
                    "retryIntervalInSeconds": 30,
                    "secureOutput": false,
                    "secureInput": false
                },
                "typeProperties": {
                    "source": {
                        "type": "AzurePostgreSqlSource",
                        "query": "SELECT\n'POSTGRESQL' source_type,\nNULL source_container_name,\nNULL source_folder_path,\ncurrent_database() source_database_name,\ntable_schema source_schema_name,\ntable_name source_table_name,\n'' source_column_list,\n'' source_watermark_column,\n date_trunc('second',  now()::timestamp) source_cutoff_time,\n  'targetcontainer' target_container_name,\n  'raw/pgdbtarget/' target_folder_path,\n  'Full' load_type,\n true enable_flag\nFROM information_schema.tables\nwhere table_schema not in ('information_schema', 'pg_catalog', 'pg_toast')\nand table_type = 'BASE TABLE'",
                        "partitionOption": "None",
                        "datasetSettings": {
                            "annotations": [],
                            "type": "AzurePostgreSqlTable",
                            "schema": [],
                            "externalReferences": {
                                "connection": "f39ca659-7698-41f7-93c2-6ee3a115febc"
                            }
                        }
                    },
                    "sink": {
                        "type": "DataWarehouseSink",
                        "allowCopyCommand": true,
                        "tableOption": "autoCreate",
                        "datasetSettings": {
                            "annotations": [],
                            "linkedService": {
                                "name": "contosowh",
                                "properties": {
                                    "annotations": [],
                                    "type": "DataWarehouse",
                                    "typeProperties": {
                                        "endpoint": "zdcinfe5wdxeljh5nc2izvmpxm-c66tknx426qeplk7zwjg76abfy.datawarehouse.fabric.microsoft.com",
                                        "artifactId": "48c68647-d2fd-4fdc-9b60-e3d957b13717"
                                    }
                                }
                            },
                            "type": "DataWarehouseTable",
                            "schema": [],
                            "typeProperties": {
                                "schema": "mtd",
                                "table": "control_table"
                            }
                        }
                    },
                    "enableStaging": true,
                    "translator": {
                        "type": "TabularTranslator",
                        "typeConversion": true,
                        "typeConversionSettings": {
                            "allowDataTruncation": true,
                            "treatBooleanAsNumber": false
                        }
                    }
                }
            }
        ],
        "lastModifiedByObjectId": "24ad6014-05cb-42ce-92f3-e4ba5271e2df",
        "lastPublishTime": "2024-03-10T04:43:37Z"
    }
}