{
    "name": "PL_SendEmailNotification_PG_copy_test",
    "objectId": "5f172da4-d0cf-45e1-ad22-3540f7f96f45",
    "properties": {
        "activities": [
            {
                "name": "ACT_ITRC_IF_checkSucessOrFailure",
                "description": "Success notification will be invoked if success flag is passed else failure notification is sent.",
                "type": "IfCondition",
                "dependsOn": [],
                "typeProperties": {
                    "expression": {
                        "value": "@pipeline().parameters.par_successflag",
                        "type": "Expression"
                    },
                    "ifFalseActivities": [
                        {
                            "name": "temporary_copy1",
                            "type": "Wait",
                            "dependsOn": [],
                            "typeProperties": {
                                "waitTimeInSeconds": 1
                            }
                        }
                    ],
                    "ifTrueActivities": [
                        {
                            "name": "temporary",
                            "type": "Wait",
                            "dependsOn": [],
                            "typeProperties": {
                                "waitTimeInSeconds": 1
                            }
                        }
                    ]
                }
            }
        ],
        "parameters": {
            "par_successflag": {
                "type": "bool"
            },
            "par_error_details": {
                "type": "string"
            }
        },
        "lastModifiedByObjectId": "24ad6014-05cb-42ce-92f3-e4ba5271e2df",
        "lastPublishTime": "2024-05-09T14:19:50Z",
        "logicAppsConnectionPayload": {
            "id": "/subscriptions/c274ea35-8991-4f5d-b886-d17d5d343873/resourceGroups/connections-3635bd17-d7fc-47a0-ad5f-cd926ff8012e/providers/Microsoft.Web/connections/1_b807321c-885e-450c-8e5b-65e2b3ce44e3_24ad6014-05cb-42ce-92f3-e4ba5271e2df",
            "properties": {
                "api": {
                    "name": "office365",
                    "id": "/subscriptions/c274ea35-8991-4f5d-b886-d17d5d343873/providers/Microsoft.Web/locations/westus3/managedApis/office365"
                }
            }
        }
    }
}